{
        "posts": [
            {
                "id":"1",
                "link": "https://www.antaranews.com/berita/3946200/kcic-sebut-okupansi-kereta-cepat-whoosh-stabil-di-atas-60-persen",
                "name": "KCIC sebut okupansi kereta cepat \"Whoosh\" stabil di atas 60 persen",
                "pubDate": "2024-02-03T13:39:51.000Z",
                "description": "PT Kereta Cepat Indonesia China (KCIC) menyebut okupansi Kereta Cepat Whoosh&nbsp;masih stabil di atas 60 persen dan ...",
                "imageUrl": "https://img.antaranews.com/cache/800x533/2024/02/03/Penumpang-kereta-Whoosh.jpeg"
            },
            {
                "id":"2",
                "link": "https://www.antaranews.com/berita/3946197/fauzi-baadilla-ajak-relawan-prabowo-gibran-wujudkan-pemilu-damai",
                "name": "Fauzi Baadilla ajak relawan Prabowo-Gibran wujudkan pemilu damai",
                "pubDate": "2024-02-03T13:37:33.000Z",
                "description": "Wakil Komandan Golf Tim Kampanye Nasional (TKN) Prabowo-Gibran, Fauzi Baadilla, mengajak para relawan pendukung ...",
                "imageUrl": "https://img.antaranews.com/cache/800x533/2024/02/03/ED84360B-E8AB-44BA-8736-9986FF09BBAA.jpeg"
            },
            {
                "id":"3",
                "link": "https://www.antaranews.com/berita/3946194/pemkab-flores-timur-imbau-warga-cegah-penyebaran-penyakit-asf",
                "name": "Pemkab Flores Timur imbau warga cegah penyebaran penyakit ASF",
                "pubDate": "2024-02-03T13:35:10.000Z",
                "description": "Pemerintah Kabupaten Flores Timur, Nusa Tenggara Timur (NTT), mengimbau warga agar mencegah penyebaran ...",
                "imageUrl": "https://img.antaranews.com/cache/800x533/2024/02/03/IMG_20240203_211441.jpg"
            },
            {
                "id":"4",
                "link": "https://www.antaranews.com/foto/3946191/nelayan-tidak-melaut-akibat-gelombang-tinggi",
                "name": "Nelayan tidak melaut akibat gelombang tinggi",
                "pubDate": "2024-02-03T13:32:54.000Z",
                "description": "Nelayan menerjang gelombang di kawasan Pelabuhan Jepara, Jobokuto, Jepara, Jawa Tengah.",
                "imageUrl": "https://img.antaranews.com/cache/800x533/2024/02/03/Peringatan-Dini-Gelombang-Tinggi-Laut-Jawa-030224-yn-1-4.jpg"
            },
            {
                "id":"5",
                "link": "https://www.antaranews.com/berita/3946188/erick-thohir-klaim-tak-ada-perpecahan-di-kabinet-indonesia-maju",
                "name": "Erick Thohir klaim tak ada perpecahan di Kabinet Indonesia Maju",
                "pubDate": "2024-02-03T13:31:36.000Z",
                "description": "Menteri Badan Usaha Milik Negara (BUMN)&nbsp;Erick Thohir&nbsp;mengeklaim saat ini kondisi di internal Kabinet ...",
                "imageUrl": "https://img.antaranews.com/cache/800x533/2024/02/03/IMG-20240203-WA0036.jpg"
            },
            {
                "id":"6",
                "link": "https://www.antaranews.com/berita/3946185/ahok-saya-akan-fokus-kampanye-di-jakarta",
                "name": "Ahok: Saya akan fokus kampanye di Jakarta",
                "pubDate": "2024-02-03T13:23:21.000Z",
                "description": "Kader PDI Perjuangan&nbsp;Basuki Tjahaja Purnama atau Ahok&nbsp;akan fokus untuk kampanye guna memenangkan suara ...",
                "imageUrl": "https://img.antaranews.com/cache/800x533/2024/02/03/IMG-20240203-WA0070.jpg"
            },
            {
                "id":"7",
                "link": "https://www.antaranews.com/berita/3946182/ppln-tunis-sebar-video-ajak-pemilih-laksanakan-pemilu-damai",
                "name": "PPLN Tunis sebar video ajak pemilih laksanakan pemilu damai",
                "pubDate": "2024-02-03T13:20:55.000Z",
                "description": "Panitia Pemilihan Luar Negeri (PPLN) Tunis menyebarkan video-video singkat yang menggembirakan tapi memuat pesan ...",
                "imageUrl": "https://img.antaranews.com/cache/800x533/2024/02/01/Penghitungan-suara-PPLN-KualaLumpur-170419-rafi-3.jpg"
            },
            {
                "id":"8",
                "link": "https://www.antaranews.com/video/3946176/erick-thohir-deklarasikan-dukungan-untuk-prabowo-gibran",
                "name": "Erick Thohir deklarasikan dukungan untuk Prabowo-Gibran",
                "pubDate": "2024-02-03T13:15:00.000Z",
                "description": "ANTARA - Menteri BUMN Erick Thohir mendeklarasikan dukungannya untuk pasangan calon presiden dan calon wakil presiden ...",
                "imageUrl": "https://img.antaranews.com/cache/800x533/2024/02/ERICK-THOHIR-DEKLARASIKAN-DUKUNGAN-UNTUK-PRABOWO-GIBRAN.jpg"
            },
            {
                "id":"9",
                "link": "https://www.antaranews.com/berita/3946179/bkkbn-riau-edukasi-50-pasang-calon-pengantin-cegah-stunting-dari-hulu",
                "name": "BKKBN Riau edukasi 50 pasang calon pengantin cegah stunting dari hulu",
                "pubDate": "2024-02-03T13:09:05.000Z",
                "description": "Badan Kependudukan dan Keluarga Berencana Nasional (BKKBN) Perwakilan Provinsi Riau menggiatkan edukasi 50 pasang calon ...",
                "imageUrl": "https://img.antaranews.com/cache/800x533/2024/01/30/3001-2024-Kaper-BKKBN-Riau.jpg"
            },
            {
                "id":"10",
                "link": "https://www.antaranews.com/video/3946131/di-lumajang-cak-imin-janjikan-bantuan-rp150-triliun-untuk-anak-muda",
                "name": "Di Lumajang, Cak Imin janjikan bantuan Rp150 triliun untuk anak muda",
                "pubDate": "2024-02-03T13:07:21.000Z",
                "description": "ANTARA - Calon Wakil Presiden nomor urut 01 Muhaimin Iskandar menghadiri acara istigasah dan sholawat untuk kemenangan ...",
                "imageUrl": "https://img.antaranews.com/cache/800x533/2024/02/DI-LUMAJANG-CAK-IMIN-JANJIKAN-BANTUAN-RP150-TRILIUN-UNTUK-ANAK-MUDA.jpg"
            },
            {
                "id":"11",
                "link": "https://www.antaranews.com/berita/3946173/kemenhub-kucurkan-rp15-miliar-di-2024-ini-untuk-terminal-leuwipanjang",
                "name": "Kemenhub kucurkan Rp15 miliar di 2024 ini untuk Terminal Leuwipanjang",
                "pubDate": "2024-02-03T12:59:30.000Z",
                "description": "Kementerian Perhubungan (Kemenhub) mengucurkan lagi anggaran sebesar Rp15 miliar pada 2024, untuk meneruskan ...",
                "imageUrl": "https://img.antaranews.com/cache/800x533/2024/02/03/IMG-20240203-WA0010_3.jpg"
            },
            {
                "id":"12",
                "link": "https://www.antaranews.com/berita/3946170/mantan-wakil-kepala-bssn-tidak-gentar-hadapi-pesaingnya-di-pilkada-dki",
                "name": "Mantan Wakil Kepala BSSN tidak gentar hadapi pesaingnya di Pilkada DKI",
                "pubDate": "2024-02-03T12:53:09.000Z",
                "description": "Mantan Wakil Kepala Badan Siber dan Sandi Negara (BSSN)&nbsp;Komjen Polisi (Purn) Dharma Pongrekun ...",
                "imageUrl": "https://img.antaranews.com/cache/800x533/2024/02/03/IMG_1583.jpeg"
            },
            {
                "id":"13",
                "link": "https://www.antaranews.com/berita/3946167/kemendikbudristek-libatkan-warga-dalam-revitalisasi-kcbn-muaro-jambi",
                "name": "Kemendikbudristek libatkan warga dalam revitalisasi KCBN Muaro Jambi",
                "pubDate": "2024-02-03T12:52:30.000Z",
                "description": "Kementerian Pendidikan, Kebudayaan, Riset, dan Teknologi (Kemendikbudristek) melibatkan masyarakat setempat dalam ...",
                "imageUrl": "https://img.antaranews.com/cache/800x533/2024/02/03/WhatsApp-Image-2024-02-03-at-19.32.18-1.jpeg"
            },
            {
                "id":"14",
                "link": "https://www.antaranews.com/berita/3946164/keputusan-pertamina-pertahankan-harga-bbm-dinilai-tepat",
                "name": "Keputusan Pertamina pertahankan harga BBM dinilai tepat",
                "pubDate": "2024-02-03T12:50:54.000Z",
                "description": "Direktur Eksekutif Institute for Development of Economics and Finance (Indef) Tauhid Ahmad menilai keputusan Pertamina ...",
                "imageUrl": "https://img.antaranews.com/cache/800x533/2024/02/03/SPBU-Pertamina.jpeg"
            },
            {
                "id":"15",
                "link": "https://otomotif.antaranews.com/berita/3946161/lancia-bocorkan-dalaman-mobil-listrik-edisi-terbatas",
                "name": "Lancia bocorkan dalaman mobil listrik edisi terbatas",
                "pubDate": "2024-02-03T12:48:23.000Z",
                "description": "Pabrikan otomotif asal Italia, Lancia, akan menghadirkan mobil listrik terbarunya&nbsp;Ypsilon Cascia 2024 dalam jumlah ...",
                "imageUrl": "https://img.antaranews.com/cache/800x533/2024/02/03/all-new-2024-lancia-ypsilon-supermini-breaks-cover-in-ev-form-promises-250-miles-of-range-228658_1.jpeg"
            },
            {
                "id":"16",
                "link": "https://www.antaranews.com/video/3946152/israel-tarik-pasukan-dari-gaza-utara",
                "name": "Israel tarik pasukan dari Gaza utara",
                "pubDate": "2024-02-03T12:47:44.000Z",
                "description": "ANTARA - Tentara Israel telah mundur dari wilayah yang luas di Jalur Gaza utara untuk kali pertama sejak dimulainya ...",
                "imageUrl": "https://img.antaranews.com/cache/800x533/2024/02/ISRAEL-TARIK-PASUKAN-DARI-GAZA-UTARA.jpg"
            },
            {
                "id":"17",
                "link": "https://www.antaranews.com/berita/3946158/pks-launching-program-super-seger-bener-di-depok",
                "name": "PKS launching program super 'Seger Bener' di Depok",
                "pubDate": "2024-02-03T12:44:49.000Z",
                "description": "DPD PKS Kota Depok, Jawa Barat melaunching Super Seger Bener saat kampanye pasangan calon Presiden Anies Baswedan dan ...",
                "imageUrl": "https://img.antaranews.com/cache/800x533/2024/02/03/IMG-20240203-WA0035.jpg"
            },
            {
                "id":"18",
                "link": "https://www.antaranews.com/berita/3946155/alumni-connect-ppi-dunia-luncurkan-buku-inspirasi-global",
                "name": "Alumni Connect PPI Dunia luncurkan buku Inspirasi Global",
                "pubDate": "2024-02-03T12:42:53.000Z",
                "description": "Alumni Connect Perhimpunan Pelajar Indonesia (PPI) Dunia meluncurkan buku yang memuat rekomendasi kebijakan dari alumni ...",
                "imageUrl": "https://img.antaranews.com/cache/800x533/2024/02/03/bf18e3ff-e14e-4581-9f7d-c92d108787de.jpg"
            },
            {
                "id":"19",
                "link": "https://www.antaranews.com/berita/3946149/luhut-dukung-prabowo-gibran-ganjar-sudah-pasti-kalau-itu",
                "name": "Luhut dukung Prabowo-Gibran, Ganjar: Sudah pasti kalau itu",
                "pubDate": "2024-02-03T12:40:31.000Z",
                "description": "Calon presiden nomor urut 3 Ganjar Pranowo menanggapi dukungan Menteri Koordinator Bidang Kemaritiman dan Investasi ...",
                "imageUrl": "https://img.antaranews.com/cache/800x533/2024/02/03/IMG_2390.jpeg"
            },
            {
                "id":"20",
                "link": "https://www.antaranews.com/berita/3946146/who-khawatir-kondisi-tak-manusiawi-di-gaza-picu-wabah-penyakit",
                "name": "WHO khawatir kondisi tak manusiawi di Gaza picu wabah penyakit",
                "pubDate": "2024-02-03T12:39:34.000Z",
                "description": "Direktur Jenderal Organisasi Kesehatan Dunia (WHO)&nbsp;Tedros Adhanom Ghebreyesus menyatakan kondisi Rumah Sakit Eropa ...",
                "imageUrl": "https://img.antaranews.com/cache/800x533/2024/01/26/WHO.jpg"
            }
        ]
}